Gene_ID	Pathway_ID
SAOUHSC_00001	sao00001;sao03032;sao03036
SAOUHSC_00002	sao00001;sao03032;sao03400;sao01000
SAOUHSC_00003	sao00001;sao03009
SAOUHSC_00004	sao00001;sao03400
SAOUHSC_00005	sao00001;sao03032;sao03400;sao01000
SAOUHSC_00006	sao00001;sao03032;sao03400;sao01000
SAOUHSC_00007	sao00001;sao01000
SAOUHSC_00008	sao00001;sao01000
SAOUHSC_00009	sao00001;sao03016;sao01007;sao01000
SAOUHSC_00010	sao00001;sao02000
SAOUHSC_00012	sao00001;sao02000
SAOUHSC_00013	sao00001;sao01000
SAOUHSC_00015	sao00001;sao01000
SAOUHSC_00017	sao00001;sao03011
SAOUHSC_00018	sao00001;sao03032;sao01000
SAOUHSC_00019	sao00001;sao01000
SAOUHSC_00020	sao00001;sao02022
SAOUHSC_00021	sao00001;sao02022;sao01001;sao01000
SAOUHSC_00027	sao00001;sao01000;sao03009
SAOUHSC_00033	sao00001
SAOUHSC_00037	sao00001;sao01000
SAOUHSC_00051	sao00001;sao01000
SAOUHSC_00058	sao00001;sao02000;sao01504
SAOUHSC_00060	sao00001;sao02000
SAOUHSC_00061	sao00001;sao01000
SAOUHSC_00064	sao00001;sao03000;sao01504
SAOUHSC_00067	sao00001;sao02000
SAOUHSC_00069	sao00001
SAOUHSC_00071	sao00001;sao02000
SAOUHSC_00072	sao00001;sao02000
SAOUHSC_00074	sao00001;sao02000
SAOUHSC_00075	sao00001;sao01000
SAOUHSC_00076	sao00001;sao01000
SAOUHSC_00077	sao00001;sao01000
SAOUHSC_00078	sao00001;sao02000
SAOUHSC_00079	sao00001;sao01000
SAOUHSC_00080	sao00001;sao01000
SAOUHSC_00081	sao00001
SAOUHSC_00082	sao00001;sao01000
SAOUHSC_00083	sao00001;sao03000;sao01000
SAOUHSC_00086	sao00001;sao01000
SAOUHSC_00088	sao00001;sao01000
SAOUHSC_00092	sao00001
SAOUHSC_00093	sao00001;sao01000
SAOUHSC_00097	sao00001;sao01000
SAOUHSC_00099	sao00001;sao02000;sao01504
SAOUHSC_00100	sao00001;sao01000
SAOUHSC_00101	sao00001;sao01000
SAOUHSC_00102	sao00001;sao02000
SAOUHSC_00103	sao00001;sao02000
SAOUHSC_00104	sao00001;sao02000;sao01000
SAOUHSC_00105	sao00001;sao02000
SAOUHSC_00113	sao00001;sao01000
SAOUHSC_00114	sao00001;sao02000
SAOUHSC_00115	sao00001;sao02000;sao01001;sao01000
SAOUHSC_00116	sao00001;sao01000
SAOUHSC_00117	sao00001;sao01000
SAOUHSC_00118	sao00001;sao01000
SAOUHSC_00119	sao00001;sao01000
SAOUHSC_00120	sao00001;sao01000
SAOUHSC_00121	sao00001;sao01504;sao01000
SAOUHSC_00126	sao01005;sao00001
SAOUHSC_00128	sao00001;sao01000
SAOUHSC_00129	sao00001;sao01000
SAOUHSC_00130	sao00001;sao01000
SAOUHSC_00131	sao00001
SAOUHSC_00132	sao00001;sao01000
SAOUHSC_00133	sao00001;sao02000
SAOUHSC_00136	sao00001;sao02000
SAOUHSC_00137	sao00001;sao02000
SAOUHSC_00138	sao00001;sao02000
SAOUHSC_00142	sao00001;sao01000
SAOUHSC_00143	sao00001;sao02000
SAOUHSC_00146	sao00001
SAOUHSC_00147	sao00001;sao01000
SAOUHSC_00148	sao00001;sao01000
SAOUHSC_00149	sao00001;sao01000
SAOUHSC_00150	sao00001;sao01007;sao01000
SAOUHSC_00151	sao00001
SAOUHSC_00153	sao00001;sao01000
SAOUHSC_00155	sao00001;sao02000;sao01000
SAOUHSC_00156	sao00001
SAOUHSC_00157	sao00001;sao01000
SAOUHSC_00158	sao00001;sao02000;sao01000
SAOUHSC_00162	sao02048;sao00001;sao01000
SAOUHSC_00167	sao00001;sao02000
SAOUHSC_00168	sao00001;sao02000
SAOUHSC_00169	sao00001;sao02000
SAOUHSC_00170	sao00001;sao02000
SAOUHSC_00171	sao00001;sao01002;sao01000
SAOUHSC_00173	sao00001;sao01000
SAOUHSC_00174	sao00001;sao01002;sao01011
SAOUHSC_00175	sao00001;sao02000
SAOUHSC_00176	sao00001;sao02000
SAOUHSC_00177	sao00001;sao02000
SAOUHSC_00178	sao00001;sao02000
SAOUHSC_00183	sao00001;sao02000
SAOUHSC_00184	sao00001;sao02022
SAOUHSC_00185	sao00001;sao02022;sao01001;sao01000
SAOUHSC_00186	sao00001
SAOUHSC_00187	sao00001;sao01000
SAOUHSC_00188	sao00001;sao01000
SAOUHSC_00190	sao00001;sao01000
SAOUHSC_00191	sao00001
SAOUHSC_00195	sao00001;sao01000
SAOUHSC_00196	sao00001;sao01000
SAOUHSC_00197	sao00001;sao01000
SAOUHSC_00198	sao01004;sao00001;sao04147;sao01000
SAOUHSC_00199	sao00001;sao01000
SAOUHSC_00200	sao00001;sao01002
SAOUHSC_00201	sao00001;sao02000
SAOUHSC_00204	sao00001;sao01000
SAOUHSC_00206	sao00001;sao04147;sao01000
SAOUHSC_00209	sao00001;sao02000;sao01000
SAOUHSC_00214	sao00001;sao02000;sao01000
SAOUHSC_00215	sao00001;sao02000;sao01000
SAOUHSC_00216	sao00001;sao02000
SAOUHSC_00217	sao00001;sao01000
SAOUHSC_00219	sao00001;sao01000
SAOUHSC_00220	sao00001;sao01000
SAOUHSC_00221	sao00001;sao01000
SAOUHSC_00222	sao00001;sao01000
SAOUHSC_00223	sao00001;sao01000
SAOUHSC_00225	sao00001;sao01000
SAOUHSC_00226	sao00001;sao01000
SAOUHSC_00227	sao00001;sao01000
SAOUHSC_00228	sao00001;sao01003;sao01000
SAOUHSC_00229	sao00001
SAOUHSC_00230	sao00001;sao02022;sao01001;sao01000
SAOUHSC_00231	sao00001;sao02022
SAOUHSC_00232	sao00001;sao02000
SAOUHSC_00233	sao00001
SAOUHSC_00234	sao00001;sao03000
SAOUHSC_00235	sao00001;sao02000
SAOUHSC_00236	sao00001;sao01000
SAOUHSC_00239	sao00001;sao01000
SAOUHSC_00240	sao00001;sao01000
SAOUHSC_00241	sao00001;sao02000
SAOUHSC_00242	sao00001;sao03000
SAOUHSC_00247	sao00001;sao01002;sao01000
SAOUHSC_00248	sao00001;sao01002;sao01011;sao01000
SAOUHSC_00249	sao00001;sao02000
SAOUHSC_00250	sao00001;sao02000
SAOUHSC_00251	sao00001;sao02000
SAOUHSC_00262	sao00001;sao03036
SAOUHSC_00282	sao00001
SAOUHSC_00285	sao00001;sao02000
SAOUHSC_00287	sao00001;sao02000
SAOUHSC_00292	sao00001;sao01000
SAOUHSC_00294	sao00001
SAOUHSC_00295	sao00001;sao01000
SAOUHSC_00298	sao00001;sao01000
SAOUHSC_00300	sao00001;sao01000
SAOUHSC_00308	sao00001;sao01000
SAOUHSC_00310	sao00001;sao02000
SAOUHSC_00311	sao00001;sao02000;sao01000
SAOUHSC_00312	sao00001;sao02000;sao01000
SAOUHSC_00314	sao00001;sao03000;sao01504
SAOUHSC_00315	sao00001;sao02000;sao01504
SAOUHSC_00317	sao00001;sao02000
SAOUHSC_00320	sao00001;sao01000
SAOUHSC_00324	sao00001;sao03009
SAOUHSC_00325	sao00001;sao02000
SAOUHSC_00326	sao00001;sao02000
SAOUHSC_00327	sao00001;sao02000
SAOUHSC_00328	sao02044;sao00001
SAOUHSC_00329	sao02044;sao00001
SAOUHSC_00331	sao00001;sao03000
SAOUHSC_00333	sao00001;sao02000
SAOUHSC_00336	sao00001;sao04147;sao01000
SAOUHSC_00338	sao00001;sao01000
SAOUHSC_00339	sao00001;sao01000
SAOUHSC_00340	sao00001;sao01000
SAOUHSC_00341	sao00001;sao01000
SAOUHSC_00342	sao00001;sao03000;sao04812;sao03036
SAOUHSC_00344	sao00001;sao02000
SAOUHSC_00346	sao00001;sao03009
SAOUHSC_00348	sao00001;sao03011
SAOUHSC_00349	sao00001;sao03032;sao03029;sao03400
SAOUHSC_00350	sao00001;sao03011
SAOUHSC_00359	sao00001;sao04131;sao04147;sao01000
SAOUHSC_00364	sao00001
SAOUHSC_00365	sao00001;sao01000
SAOUHSC_00366	sao00001;sao01000
SAOUHSC_00367	sao00001
SAOUHSC_00372	sao00001;sao01000
SAOUHSC_00373	sao00001;sao02000
SAOUHSC_00374	sao00001;sao04147;sao01000
SAOUHSC_00375	sao00001;sao01002;sao01000
SAOUHSC_00378	sao00001
SAOUHSC_00381	sao00001
SAOUHSC_00383	sao00001;sao02042
SAOUHSC_00390	sao00001;sao02042
SAOUHSC_00391	sao00001;sao02042
SAOUHSC_00392	sao00001;sao02042
SAOUHSC_00397	sao02048;sao00001;sao01000
SAOUHSC_00398	sao02048;sao00001;sao01000
SAOUHSC_00399	sao00001;sao02042
SAOUHSC_00413	sao00001
SAOUHSC_00417	sao00001;sao01000
SAOUHSC_00420	sao00001
SAOUHSC_00421	sao00001;sao01000
SAOUHSC_00422	sao00001;sao01000
SAOUHSC_00423	sao00001;sao02000
SAOUHSC_00424	sao00001;sao02000
SAOUHSC_00426	sao00001;sao02000
SAOUHSC_00427	sao00001;sao01000
SAOUHSC_00435	sao00001;sao01002;sao01000
SAOUHSC_00436	sao00001;sao01000
SAOUHSC_00437	sao00001;sao02000;sao01000
SAOUHSC_00438	sao00001;sao01000
SAOUHSC_00439	sao00001;sao03000
SAOUHSC_00442	sao00001;sao03032;sao03400;sao01000
SAOUHSC_00444	sao00001
SAOUHSC_00445	sao00001;sao03400
SAOUHSC_00451	sao00001;sao01000
SAOUHSC_00454	sao00001;sao03032;sao03400;sao01000
SAOUHSC_00458	sao00001
SAOUHSC_00459	sao00001;sao01000;sao03009
SAOUHSC_00461	sao00001;sao03016;sao01007;sao01000
SAOUHSC_00462	sao00001
SAOUHSC_00463	sao00001;sao01000
SAOUHSC_00464	sao00001;sao01000;sao03009
SAOUHSC_00466	sao00001;sao01000
SAOUHSC_00467	sao00001;sao03000
SAOUHSC_00468	sao00001;sao01000
SAOUHSC_00469	sao00001
SAOUHSC_00471	sao00001;sao01000
SAOUHSC_00472	sao00001;sao01000
SAOUHSC_00474	sao00001;sao03011
SAOUHSC_00475	sao03012;sao00001;sao01000
SAOUHSC_00477	sao00001;sao03400;sao01000
SAOUHSC_00479	sao00001
SAOUHSC_00480	sao00001;sao03036
SAOUHSC_00482	sao00001;sao03036
SAOUHSC_00483	sao00001
SAOUHSC_00484	sao00001;sao03016;sao01000
SAOUHSC_00485	sao00001;sao01000
SAOUHSC_00486	sao00001;sao03110;sao01002
SAOUHSC_00487	sao00001;sao03110
SAOUHSC_00488	sao00001;sao01000
SAOUHSC_00489	sao00001;sao01000
SAOUHSC_00490	sao00001;sao01000
SAOUHSC_00491	sao00001;sao01000
SAOUHSC_00493	sao00001;sao03016;sao01007;sao01000
SAOUHSC_00497	sao00001;sao03000
SAOUHSC_00499	sao00001;sao01000
SAOUHSC_00500	sao00001;sao01000
SAOUHSC_00501	sao00001;sao02000
SAOUHSC_00502	sao00001;sao03000
SAOUHSC_00503	sao00001
SAOUHSC_00504	sao00001;sao01000
SAOUHSC_00505	sao00001;sao03110
SAOUHSC_00507	sao00001;sao03400
SAOUHSC_00509	sao00001;sao03016;sao01007;sao01000
SAOUHSC_00510	sao00001;sao01000
SAOUHSC_00511	sao00001;sao03016;sao01007;sao01000
SAOUHSC_00512	sao00001;sao03009
SAOUHSC_00513	sao00001;sao01000;sao03009
SAOUHSC_00514	sao00001
SAOUHSC_00515	sao00001;sao03021
SAOUHSC_00516	sao02044;sao00001
SAOUHSC_00517	sao00001;sao03021;sao03009
SAOUHSC_00518	sao00001;sao03011
SAOUHSC_00519	sao00001;sao03011
SAOUHSC_00520	sao00001;sao03011
SAOUHSC_00521	sao00001;sao03011
SAOUHSC_00523	sao00001;sao01000;sao03009
SAOUHSC_00524	sao00001;sao03400;sao03021;sao01000
SAOUHSC_00525	sao00001;sao03400;sao03021;sao01000
SAOUHSC_00526	sao00001;sao03011
SAOUHSC_00527	sao00001;sao03011
SAOUHSC_00528	sao00001;sao03011
SAOUHSC_00529	sao03012;sao00001;sao03029
SAOUHSC_00530	sao03012;sao00001;sao03029;sao04147
SAOUHSC_00532	sao00001;sao01007;sao01000
SAOUHSC_00533	sao00001;sao01002;sao01000
SAOUHSC_00534	sao00001;sao01000
SAOUHSC_00536	sao00001;sao01007;sao01000
SAOUHSC_00538	sao00001;sao01000
SAOUHSC_00539	sao00001;sao01000
SAOUHSC_00540	sao00001;sao01000
SAOUHSC_00541	sao00001;sao03016;sao01000
SAOUHSC_00544	sao00001
SAOUHSC_00545	sao00001
SAOUHSC_00547	sao00001;sao01003;sao01000
SAOUHSC_00548	sao00001;sao01003;sao01000
SAOUHSC_00549	sao00001;sao01000
SAOUHSC_00550	sao00001
SAOUHSC_00552	sao00001;sao01000
SAOUHSC_00553	sao00001;sao01000
SAOUHSC_00554	sao00001;sao01000
SAOUHSC_00555	sao00001;sao01000
SAOUHSC_00556	sao00001;sao02000
SAOUHSC_00558	sao00001;sao04147;sao01000
SAOUHSC_00562	sao00001;sao01000
SAOUHSC_00564	sao00001;sao03400;sao01000
SAOUHSC_00573	sao00001;sao01000
SAOUHSC_00574	sao00001;sao01000
SAOUHSC_00575	sao00001;sao01000
SAOUHSC_00577	sao00001;sao01000
SAOUHSC_00578	sao00001;sao01000
SAOUHSC_00579	sao00001;sao01000
SAOUHSC_00581	sao00001
SAOUHSC_00603	sao00001
SAOUHSC_00606	sao00001
SAOUHSC_00608	sao00001;sao01000
SAOUHSC_00611	sao00001;sao03016;sao03029;sao01007;sao01000
SAOUHSC_00612	sao00001
SAOUHSC_00613	sao00001;sao02000
SAOUHSC_00614	sao00001;sao02000
SAOUHSC_00615	sao00001
SAOUHSC_00621	sao00001;sao02000
SAOUHSC_00625	sao00001;sao02000
SAOUHSC_00626	sao00001;sao02000
SAOUHSC_00627	sao00001;sao02000
SAOUHSC_00628	sao00001;sao02000
SAOUHSC_00629	sao00001;sao02000
SAOUHSC_00632	sao00001;sao02000
SAOUHSC_00633	sao00001;sao02000
SAOUHSC_00634	sao00001;sao02000
SAOUHSC_00636	sao00001;sao02000
SAOUHSC_00637	sao00001;sao02000;sao01000
SAOUHSC_00638	sao00001;sao03000
SAOUHSC_00640	sao00001;sao01003;sao01000
SAOUHSC_00641	sao00001;sao02000;sao01000
SAOUHSC_00642	sao00001;sao02000
SAOUHSC_00643	sao00001;sao01000
SAOUHSC_00645	sao00001;sao01000
SAOUHSC_00646	sao00001;sao01002;sao01011;sao01000
SAOUHSC_00647	sao00001;sao02000;sao01504;sao01000
SAOUHSC_00648	sao00001;sao02000
SAOUHSC_00652	sao00001;sao02000;sao01000
SAOUHSC_00653	sao00001;sao02000
SAOUHSC_00654	sao00001;sao02000
SAOUHSC_00655	sao00001;sao01000
SAOUHSC_00656	sao00001;sao01000
SAOUHSC_00658	sao00001;sao02000;sao01000
SAOUHSC_00665	sao00001;sao02022;sao01504
SAOUHSC_00666	sao00001;sao02022;sao01504;sao01001;sao01000
SAOUHSC_00667	sao00001;sao02000;sao01504
SAOUHSC_00668	sao00001;sao02000;sao01504
SAOUHSC_00669	sao00001
SAOUHSC_00670	sao00001
SAOUHSC_00672	sao00001
SAOUHSC_00676	sao00001
SAOUHSC_00678	sao00001
SAOUHSC_00682	sao00001
SAOUHSC_00689	sao00001
SAOUHSC_00691	sao00001;sao01011;sao01000
SAOUHSC_00692	sao00001;sao02000
SAOUHSC_00693	sao00001;sao02000
SAOUHSC_00694	sao00001;sao03000;sao01504
SAOUHSC_00699	sao00001;sao03400;sao01000
SAOUHSC_00702	sao00001
SAOUHSC_00703	sao00001;sao02000
SAOUHSC_00705	sao00001;sao03016
SAOUHSC_00706	sao00001;sao03000
SAOUHSC_00707	sao00001;sao01000
SAOUHSC_00708	sao00001;sao02000;sao01000
SAOUHSC_00710	sao00001;sao01000
SAOUHSC_00711	sao00001;sao02000;sao02042
SAOUHSC_00713	sao00001;sao01003
SAOUHSC_00714	sao00001;sao02022;sao01001;sao01000
SAOUHSC_00715	sao00001;sao02022
SAOUHSC_00716	sao00001;sao01000
SAOUHSC_00719	sao00001;sao03016;sao01000
SAOUHSC_00720	sao00001;sao03016;sao01000
SAOUHSC_00721	sao00001;sao03016;sao01000
SAOUHSC_00722	sao00001;sao01000
SAOUHSC_00723	sao00001;sao01000
SAOUHSC_00724	sao00001;sao01000
SAOUHSC_00728	sao00001;sao01000
SAOUHSC_00729	sao00001;sao02000
SAOUHSC_00730	sao00001;sao03019;sao03400;sao01000
SAOUHSC_00731	sao00001;sao02000;sao01000
SAOUHSC_00732	sao00001;sao02000
SAOUHSC_00733	sao00001;sao01007;sao01000
SAOUHSC_00738	sao00001
SAOUHSC_00739	sao00001;sao03016;sao01000
SAOUHSC_00741	sao00001
SAOUHSC_00742	sao00001;sao03400;sao01000
SAOUHSC_00743	sao00001;sao03400;sao01000
SAOUHSC_00746	sao00001;sao02000
SAOUHSC_00747	sao00001;sao02000
SAOUHSC_00748	sao00001;sao02000
SAOUHSC_00749	sao00001;sao02000
SAOUHSC_00752	sao00001;sao01011;sao01000
SAOUHSC_00755	sao00001
SAOUHSC_00756	sao00001;sao01000
SAOUHSC_00757	sao00001;sao01002;sao01000
SAOUHSC_00762	sao01005;sao00001;sao01003;sao01000
SAOUHSC_00764	sao00001
SAOUHSC_00765	sao02044;sao00001
SAOUHSC_00766	sao02044;sao00001
SAOUHSC_00767	sao00001;sao03009
SAOUHSC_00769	sao02044;sao00001;sao01000
SAOUHSC_00771	sao03012;sao00001
SAOUHSC_00776	sao00001;sao03400
SAOUHSC_00778	sao00001
SAOUHSC_00779	sao00001;sao03400
SAOUHSC_00780	sao00001;sao03400
SAOUHSC_00781	sao00001
SAOUHSC_00782	sao00001;sao01000
SAOUHSC_00783	sao00001
SAOUHSC_00785	sao00001;sao01000
SAOUHSC_00787	sao00001;sao03019
SAOUHSC_00789	sao00001;sao03036
SAOUHSC_00790	sao00001;sao01002;sao01000
SAOUHSC_00792	sao00001
SAOUHSC_00794	sao00001;sao03000
SAOUHSC_00795	sao00001;sao04131;sao04147;sao01000
SAOUHSC_00796	sao00001;sao04147;sao01000
SAOUHSC_00797	sao00001;sao04147;sao01000
SAOUHSC_00798	sao00001;sao01000
SAOUHSC_00799	sao00001;sao03019;sao04147;sao01000
SAOUHSC_00801	sao02044;sao00001
SAOUHSC_00802	sao00001;sao01000
SAOUHSC_00803	sao00001;sao03019;sao03016;sao01000
SAOUHSC_00804	sao00001
SAOUHSC_00812	sao00001
SAOUHSC_00818	sao00001;sao01000
SAOUHSC_00819	sao00001
SAOUHSC_00822	sao00001
SAOUHSC_00828	sao00001;sao02000
SAOUHSC_00831	sao00001;sao01000
SAOUHSC_00832	sao00001;sao01000
SAOUHSC_00836	sao00001
SAOUHSC_00840	sao00001
SAOUHSC_00842	sao00001;sao02000
SAOUHSC_00843	sao00001;sao02000
SAOUHSC_00844	sao00001;sao02000
SAOUHSC_00846	sao00001
SAOUHSC_00847	sao00001;sao02000
SAOUHSC_00848	sao00001
SAOUHSC_00849	sao00001;sao01000
SAOUHSC_00850	sao00001
SAOUHSC_00851	sao00001
SAOUHSC_00854	sao00001;sao02000;sao02042
SAOUHSC_00855	sao00001;sao01000
SAOUHSC_00859	sao00001
SAOUHSC_00861	sao00001;sao01000
SAOUHSC_00866	sao00001;sao01000
SAOUHSC_00869	sao00001;sao01504;sao01000
SAOUHSC_00870	sao00001;sao01504
SAOUHSC_00871	sao00001;sao01504;sao01000
SAOUHSC_00872	sao00001;sao01504
SAOUHSC_00877	sao00001
SAOUHSC_00878	sao00001;sao01000
SAOUHSC_00879	sao00001;sao01002;sao01000
SAOUHSC_00880	sao00001;sao02000
SAOUHSC_00881	sao00001;sao01000
SAOUHSC_00883	sao00001;sao02000
SAOUHSC_00884	sao00001;sao02000
SAOUHSC_00885	sao00001;sao02000
SAOUHSC_00886	sao00001;sao02000
SAOUHSC_00887	sao00001;sao02000
SAOUHSC_00888	sao00001;sao02000
SAOUHSC_00889	sao00001;sao02000
SAOUHSC_00890	sao00001
SAOUHSC_00891	sao00001;sao03110;sao01000
SAOUHSC_00892	sao00001
SAOUHSC_00894	sao00001;sao01007;sao01000
SAOUHSC_00895	sao00001;sao01000
SAOUHSC_00897	sao00001;sao01000
SAOUHSC_00898	sao00001;sao04147;sao01000
SAOUHSC_00899	sao00001;sao04147;sao01000
SAOUHSC_00900	sao00001;sao04147;sao01000
SAOUHSC_00902	sao00001;sao01002;sao01000
SAOUHSC_00903	sao00001;sao01002;sao01000
SAOUHSC_00904	sao00001;sao03400;sao01000
SAOUHSC_00905	sao00001;sao03400;sao01000
SAOUHSC_00908	sao00001;sao01000
SAOUHSC_00909	sao00001;sao01000
SAOUHSC_00912	sao00001;sao03110
SAOUHSC_00914	sao00001;sao01000
SAOUHSC_00920	sao01004;sao00001;sao01000
SAOUHSC_00921	sao01004;sao00001;sao01000
SAOUHSC_00923	sao00001;sao02000
SAOUHSC_00924	sao00001;sao02000
SAOUHSC_00925	sao00001;sao02000
SAOUHSC_00926	sao00001;sao02000
SAOUHSC_00927	sao00001;sao02000
SAOUHSC_00928	sao00001;sao02000
SAOUHSC_00929	sao00001;sao02000
SAOUHSC_00930	sao00001;sao02000
SAOUHSC_00931	sao00001;sao02000
SAOUHSC_00932	sao00001;sao02000
SAOUHSC_00933	sao00001;sao03016;sao01007;sao01000
SAOUHSC_00934	sao00001
SAOUHSC_00935	sao00001
SAOUHSC_00936	sao00001
SAOUHSC_00937	sao00001;sao01002
SAOUHSC_00939	sao00001
SAOUHSC_00942	sao00001;sao01000
SAOUHSC_00943	sao00001;sao01000
SAOUHSC_00944	sao00001;sao01000;sao03009
SAOUHSC_00945	sao00001;sao02000
SAOUHSC_00947	sao01004;sao00001;sao01000
SAOUHSC_00949	sao00001
SAOUHSC_00953	sao00001;sao01003;sao01000
SAOUHSC_00954	sao00001;sao01011;sao01000
SAOUHSC_00956	sao03012;sao00001
SAOUHSC_00959	sao00001;sao02000
SAOUHSC_00961	sao02044;sao00001;sao03000
SAOUHSC_00963	sao00001;sao01000
SAOUHSC_00965	sao00001;sao01002
SAOUHSC_00970	sao00001;sao02000
SAOUHSC_00975	sao00001
SAOUHSC_00976	sao00001;sao02000
SAOUHSC_00980	sao00001;sao01006;sao01000
SAOUHSC_00982	sao00001;sao01000
SAOUHSC_00983	sao00001;sao01000
SAOUHSC_00984	sao00001;sao01000
SAOUHSC_00985	sao00001;sao01000
SAOUHSC_00986	sao00001;sao01002
SAOUHSC_00987	sao00001;sao01002
SAOUHSC_00988	sao00001;sao01002;sao01000
SAOUHSC_00989	sao00001;sao01007
SAOUHSC_00994	sao00001;sao01000
SAOUHSC_00997	sao00001
SAOUHSC_00998	sao00001;sao01000
SAOUHSC_00999	sao00001;sao01000
SAOUHSC_01000	sao00001;sao01000
SAOUHSC_01001	sao00001;sao01000
SAOUHSC_01002	sao00001;sao01000
SAOUHSC_01007	sao00001;sao01000
SAOUHSC_01008	sao00001;sao01000
SAOUHSC_01009	sao00001;sao01000
SAOUHSC_01010	sao00001;sao01000
SAOUHSC_01011	sao00001;sao01000
SAOUHSC_01012	sao00001;sao01000
SAOUHSC_01013	sao00001;sao01000
SAOUHSC_01014	sao00001;sao01002;sao01000
SAOUHSC_01015	sao00001;sao01000
SAOUHSC_01016	sao00001;sao01000
SAOUHSC_01017	sao00001;sao04147;sao01000
SAOUHSC_01018	sao00001;sao01000
SAOUHSC_01019	sao00001;sao02000
SAOUHSC_01021	sao00001;sao02000
SAOUHSC_01022	sao00001;sao02000
SAOUHSC_01026	sao00001;sao01000;sao03009
SAOUHSC_01028	sao00001;sao02000
SAOUHSC_01029	sao00001;sao02000;sao01000
SAOUHSC_01031	sao00001;sao01000
SAOUHSC_01032	sao00001;sao01000
SAOUHSC_01034	sao00001;sao02000
SAOUHSC_01035	sao00001;sao03019
SAOUHSC_01038	sao00001;sao01000
SAOUHSC_01040	sao00001;sao01000
SAOUHSC_01041	sao00001;sao01000
SAOUHSC_01042	sao00001;sao01000
SAOUHSC_01043	sao00001;sao04147;sao01000
SAOUHSC_01046	sao00001;sao02000;sao01000
SAOUHSC_01047	sao00001;sao02000
SAOUHSC_01048	sao00001;sao02000
SAOUHSC_01049	sao00001;sao02000
SAOUHSC_01053	sao00001;sao02000
SAOUHSC_01055	sao00001;sao01000
SAOUHSC_01058	sao00001
SAOUHSC_01063	sao00001;sao02000;sao01011;sao01003;sao03036;sao01000
SAOUHSC_01064	sao00001;sao01000
SAOUHSC_01065	sao00001;sao03029;sao01000
SAOUHSC_01066	sao00001;sao03029;sao01006;sao01000
SAOUHSC_01067	sao00001
SAOUHSC_01071	sao00001;sao01000
SAOUHSC_01074	sao00001;sao01000;sao03009
SAOUHSC_01075	sao00001;sao01000
SAOUHSC_01076	sao00001;sao03016;sao01000
SAOUHSC_01077	sao00001;sao03009
SAOUHSC_01079	sao00001;sao02000
SAOUHSC_01081	sao00001;sao02000
SAOUHSC_01082	sao00001;sao02000
SAOUHSC_01084	sao00001;sao02000
SAOUHSC_01085	sao00001;sao02000
SAOUHSC_01086	sao00001;sao02000
SAOUHSC_01088	sao00001;sao01002;sao01011;sao01000
SAOUHSC_01089	sao00001;sao01000
SAOUHSC_01091	sao00001;sao03016
SAOUHSC_01092	sao00001;sao03016;sao01007;sao01000
SAOUHSC_01093	sao00001;sao03016;sao01007;sao01000
SAOUHSC_01095	sao00001;sao03032;sao01000
SAOUHSC_01096	sao00001;sao03036
SAOUHSC_01098	sao00001;sao03400
SAOUHSC_01099	sao00001;sao03400
SAOUHSC_01100	sao00001;sao03110
SAOUHSC_01102	sao00001;sao03400
SAOUHSC_01103	sao00001
SAOUHSC_01104	sao00001;sao01000
SAOUHSC_01105	sao00001;sao01000
SAOUHSC_01106	sao00001;sao01011;sao01000
SAOUHSC_01107	sao00001;sao01000
SAOUHSC_01108	sao00001
SAOUHSC_01112	sao00001
SAOUHSC_01114	sao00001
SAOUHSC_01115	sao00001
SAOUHSC_01121	sao00001;sao02000;sao02042
SAOUHSC_01128	sao00001;sao01000
SAOUHSC_01129	sao00001;sao01000
SAOUHSC_01133	sao00001;sao02042
SAOUHSC_01135	sao00001
SAOUHSC_01136	sao00001
SAOUHSC_01137	sao00001
SAOUHSC_01141	sao00001
SAOUHSC_01142	sao00001;sao03000
SAOUHSC_01143	sao00001;sao01000;sao03009
SAOUHSC_01144	sao00001;sao03036
SAOUHSC_01145	sao00001;sao01011
SAOUHSC_01146	sao00001;sao01011;sao01000
SAOUHSC_01147	sao00001;sao01011;sao01000
SAOUHSC_01148	sao00001;sao03036
SAOUHSC_01149	sao00001;sao04812;sao03036
SAOUHSC_01150	sao02048;sao00001;sao04812;sao03036
SAOUHSC_01152	sao00001;sao01000
SAOUHSC_01153	sao00001
SAOUHSC_01154	sao00001;sao03036
SAOUHSC_01155	sao02044;sao00001
SAOUHSC_01158	sao00001;sao03036
SAOUHSC_01159	sao00001;sao03016;sao01007;sao01000
SAOUHSC_01160	sao00001;sao01000
SAOUHSC_01162	sao00001;sao01002;sao01000
SAOUHSC_01163	sao00001;sao01000;sao03009
SAOUHSC_01164	sao00001;sao03000;sao01000
SAOUHSC_01165	sao00001;sao02000
SAOUHSC_01166	sao00001;sao01000
SAOUHSC_01168	sao00001;sao01000
SAOUHSC_01169	sao00001;sao01000
SAOUHSC_01170	sao00001;sao01000
SAOUHSC_01171	sao00001;sao01000
SAOUHSC_01172	sao00001;sao01000
SAOUHSC_01176	sao00001;sao01000
SAOUHSC_01177	sao00001;sao03400;sao03021;sao01000
SAOUHSC_01178	sao00001;sao01000
SAOUHSC_01179	sao00001;sao03400;sao01000
SAOUHSC_01182	sao00001;sao01000
SAOUHSC_01183	sao00001;sao01000
SAOUHSC_01184	sao00001;sao01000;sao03009
SAOUHSC_01185	sao00001;sao01000;sao03009
SAOUHSC_01186	sao01009;sao00001;sao01000
SAOUHSC_01187	sao00001;sao01001;sao01000
SAOUHSC_01188	sao00001;sao01000;sao03009
SAOUHSC_01189	sao00001;sao01000
SAOUHSC_01190	sao00001;sao01000
SAOUHSC_01191	sao00001;sao03011
SAOUHSC_01193	sao00001;sao01000
SAOUHSC_01194	sao00001;sao03400;sao01000
SAOUHSC_01197	sao01004;sao00001;sao01000
SAOUHSC_01198	sao01004;sao00001;sao01000
SAOUHSC_01199	sao01004;sao00001;sao01000
SAOUHSC_01201	sao00001
SAOUHSC_01203	sao00001;sao03019;sao03036;sao01000;sao03009
SAOUHSC_01204	sao00001;sao03036
SAOUHSC_01205	sao02044;sao00001
SAOUHSC_01206	sao00001
SAOUHSC_01207	sao02044;sao00001;sao01000
SAOUHSC_01208	sao00001;sao03011
SAOUHSC_01209	sao00001;sao03009
SAOUHSC_01210	sao00001;sao03016;sao01000
SAOUHSC_01211	sao00001;sao03011
SAOUHSC_01213	sao00001;sao01003
SAOUHSC_01214	sao00001;sao03009
SAOUHSC_01215	sao00001;sao03032;sao01000
SAOUHSC_01216	sao00001;sao01000
SAOUHSC_01218	sao00001;sao01000
SAOUHSC_01221	sao00001
SAOUHSC_01222	sao00001;sao03032;sao03400;sao01000
SAOUHSC_01223	sao00001;sao03016;sao03036;sao01000
SAOUHSC_01224	sao00001;sao03036
SAOUHSC_01225	sao00001;sao01002;sao01000
SAOUHSC_01226	sao00001;sao03110
SAOUHSC_01228	sao00001;sao03000
SAOUHSC_01234	sao03012;sao00001;sao03029
SAOUHSC_01235	sao00001;sao01000
SAOUHSC_01236	sao03012;sao00001
SAOUHSC_01237	sao00001;sao01006;sao01000
SAOUHSC_01238	sao00001;sao01000
SAOUHSC_01239	sao00001;sao01002
SAOUHSC_01240	sao00001;sao03016;sao01007;sao01000
SAOUHSC_01241	sao00001;sao03032;sao03400;sao01000
SAOUHSC_01242	sao00001;sao03009
SAOUHSC_01243	sao00001;sao03021;sao03009
SAOUHSC_01244	sao00001
SAOUHSC_01246	sao03012;sao00001;sao03029
SAOUHSC_01247	sao00001;sao03009
SAOUHSC_01248	sao00001;sao03016;sao01000
SAOUHSC_01249	sao00001;sao01000
SAOUHSC_01250	sao00001;sao03011
SAOUHSC_01251	sao00001;sao03019;sao03016;sao01000
SAOUHSC_01252	sao00001;sao03019
SAOUHSC_01253	sao00001;sao03036
SAOUHSC_01254	sao00001;sao03000
SAOUHSC_01257	sao01004;sao00001;sao01000
SAOUHSC_01260	sao00001;sao01000
SAOUHSC_01262	sao00001;sao03400
SAOUHSC_01263	sao00001;sao03019
SAOUHSC_01265	sao00001;sao01000
SAOUHSC_01266	sao00001;sao01000
SAOUHSC_01267	sao00001;sao01000
SAOUHSC_01269	sao00001;sao03016;sao01000
SAOUHSC_01272	sao00001;sao03400
SAOUHSC_01273	sao00001;sao03400
SAOUHSC_01274	sao00001;sao03000
SAOUHSC_01275	sao00001;sao02000
SAOUHSC_01276	sao00001;sao04147;sao01000
SAOUHSC_01278	sao00001;sao01000
SAOUHSC_01280	sao00001;sao03016;sao01006;sao01000
SAOUHSC_01281	sao00001;sao03019;sao03036
SAOUHSC_01282	sao00001;sao01000
SAOUHSC_01283	sao00001;sao03009
SAOUHSC_01285	sao00001;sao03000
SAOUHSC_01287	sao00001;sao04147;sao01000
SAOUHSC_01307	sao00001;sao01000
SAOUHSC_01310	sao00001
SAOUHSC_01311	sao00001;sao02000
SAOUHSC_01312	sao00001;sao02000
SAOUHSC_01313	sao00001;sao02022;sao01001;sao01000
SAOUHSC_01314	sao00001;sao02022
SAOUHSC_01316	sao00001;sao01000
SAOUHSC_01319	sao00001;sao01000
SAOUHSC_01320	sao00001;sao01000
SAOUHSC_01321	sao00001;sao01000
SAOUHSC_01322	sao00001;sao01000
SAOUHSC_01326	sao00001
SAOUHSC_01327	sao00001;sao01000
SAOUHSC_01328	sao00001;sao03011
SAOUHSC_01329	sao00001;sao03011
SAOUHSC_01330	sao00001;sao01000
SAOUHSC_01333	sao00001;sao03400;sao01002;sao01000
SAOUHSC_01337	sao00001;sao01000
SAOUHSC_01338	sao00001
SAOUHSC_01341	sao00001;sao03400
SAOUHSC_01346	sao00001;sao02000
SAOUHSC_01347	sao00001;sao01000
SAOUHSC_01348	sao00001
SAOUHSC_01350	sao01004;sao00001;sao01000
SAOUHSC_01351	sao02048;sao00001;sao03032;sao03036;sao01000
SAOUHSC_01352	sao02048;sao00001;sao03032;sao03036;sao01000
SAOUHSC_01354	sao00001
SAOUHSC_01356	sao00001;sao03000
SAOUHSC_01359	sao00001;sao01504;sao01000
SAOUHSC_01360	sao00001;sao01000
SAOUHSC_01361	sao00001
SAOUHSC_01362	sao00001;sao01000
SAOUHSC_01364	sao00001;sao01000
SAOUHSC_01365	sao00001;sao01002
SAOUHSC_01366	sao00001;sao01000
SAOUHSC_01367	sao00001;sao01000
SAOUHSC_01368	sao00001;sao01000
SAOUHSC_01369	sao00001;sao01000
SAOUHSC_01370	sao00001;sao01000
SAOUHSC_01371	sao00001;sao01000
SAOUHSC_01372	sao00001;sao01000
SAOUHSC_01373	sao00001;sao01011;sao01000
SAOUHSC_01374	sao00001;sao01011;sao01000
SAOUHSC_01377	sao00001;sao02000
SAOUHSC_01378	sao00001;sao02000
SAOUHSC_01379	sao00001;sao02000
SAOUHSC_01380	sao00001;sao02000
SAOUHSC_01384	sao00001
SAOUHSC_01385	sao00001;sao02000;sao01000
SAOUHSC_01386	sao00001;sao02000
SAOUHSC_01387	sao00001;sao02000
SAOUHSC_01389	sao00001;sao02000
SAOUHSC_01391	sao00001
SAOUHSC_01394	sao00001;sao01000
SAOUHSC_01395	sao00001;sao01000
SAOUHSC_01396	sao00001;sao01000
SAOUHSC_01397	sao00001;sao01000
SAOUHSC_01398	sao00001;sao01000
SAOUHSC_01400	sao00001;sao01011;sao01000
SAOUHSC_01401	sao00001;sao01000
SAOUHSC_01403	sao00001
SAOUHSC_01406	sao00001;sao01000
SAOUHSC_01411	sao00001
SAOUHSC_01416	sao00001;sao01000
SAOUHSC_01418	sao00001;sao01000
SAOUHSC_01419	sao00001;sao02022;sao01001;sao01000
SAOUHSC_01420	sao00001;sao02022
SAOUHSC_01424	sao00001;sao01011;sao01000
SAOUHSC_01427	sao00001;sao01002;sao01000
SAOUHSC_01430	sao00001;sao02000
SAOUHSC_01431	sao00001;sao01000
SAOUHSC_01432	sao00001;sao01000
SAOUHSC_01433	sao00001
SAOUHSC_01434	sao00001;sao01000
SAOUHSC_01435	sao00001;sao01000
SAOUHSC_01436	sao00001
SAOUHSC_01440	sao00001;sao02000
SAOUHSC_01443	sao00001;sao03032;sao01000
SAOUHSC_01448	sao00001;sao02000;sao01504
SAOUHSC_01450	sao00001
SAOUHSC_01451	sao00001;sao01000
SAOUHSC_01452	sao00001;sao01000
SAOUHSC_01454	sao00001;sao03032
SAOUHSC_01460	sao00001
SAOUHSC_01466	sao00001;sao03400
SAOUHSC_01467	sao00001;sao01011;sao01003;sao01000
SAOUHSC_01469	sao00001;sao03400;sao01000
SAOUHSC_01470	sao00001
SAOUHSC_01471	sao00001;sao03016;sao01007;sao01000
SAOUHSC_01472	sao00001;sao03400;sao01000
SAOUHSC_01473	sao00001;sao03000;sao01000
SAOUHSC_01474	sao00001;sao03016;sao01000
SAOUHSC_01475	sao00001
SAOUHSC_01477	sao00001
SAOUHSC_01481	sao00001;sao01000
SAOUHSC_01482	sao00001;sao01000
SAOUHSC_01483	sao00001;sao01000
SAOUHSC_01485	sao00001;sao04131;sao01000
SAOUHSC_01486	sao00001;sao01006;sao01000
SAOUHSC_01487	sao00001;sao01000
SAOUHSC_01488	sao00001;sao01006;sao01000
SAOUHSC_01490	sao00001;sao03032;sao03400;sao03036
SAOUHSC_01491	sao00001;sao01000
SAOUHSC_01492	sao00001;sao03009
SAOUHSC_01493	sao00001;sao03011
SAOUHSC_01496	sao00001;sao01000
SAOUHSC_01497	sao00001;sao01000
SAOUHSC_01499	sao00001
SAOUHSC_01502	sao00001;sao03019;sao03400;sao01000
SAOUHSC_01504	sao00001
SAOUHSC_01505	sao00001;sao02000
SAOUHSC_01540	sao02048;sao00001
SAOUHSC_01547	sao00001
SAOUHSC_01552	sao00001;sao03400;sao01000
SAOUHSC_01563	sao00001;sao01000
SAOUHSC_01585	sao00001;sao02022;sao01001;sao01000
SAOUHSC_01586	sao00001;sao02022
SAOUHSC_01587	sao00001;sao01000;sao03009
SAOUHSC_01588	sao00001;sao03036
SAOUHSC_01589	sao00001;sao03036
SAOUHSC_01590	sao00001
SAOUHSC_01591	sao00001;sao03036
SAOUHSC_01592	sao00001;sao03000
SAOUHSC_01593	sao00001;sao01000
SAOUHSC_01596	sao00001
SAOUHSC_01597	sao00001;sao01000
SAOUHSC_01598	sao00001;sao03016;sao01000
SAOUHSC_01599	sao00001;sao04147;sao01000
SAOUHSC_01601	sao00001;sao01000
SAOUHSC_01605	sao00001;sao01000
SAOUHSC_01606	sao00001;sao01002;sao01000
SAOUHSC_01610	sao00001
SAOUHSC_01611	sao00001;sao01000
SAOUHSC_01612	sao00001;sao01000
SAOUHSC_01613	sao00001;sao01000
SAOUHSC_01614	sao00001;sao04147;sao01000
SAOUHSC_01615	sao00001;sao03400
SAOUHSC_01617	sao00001;sao03000
SAOUHSC_01618	sao00001;sao01006;sao01000
SAOUHSC_01619	sao00001;sao03400;sao01000
SAOUHSC_01620	sao00001;sao03400;sao01000
SAOUHSC_01621	sao00001;sao03021;sao03009
SAOUHSC_01623	sao00001;sao01000
SAOUHSC_01624	sao00001
SAOUHSC_01625	sao03012;sao00001
SAOUHSC_01626	sao00001;sao01002;sao01000
SAOUHSC_01629	sao00001;sao01000
SAOUHSC_01632	sao00001;sao01000
SAOUHSC_01633	sao00001;sao01000
SAOUHSC_01634	sao00001;sao01000
SAOUHSC_01635	sao00001;sao01000
SAOUHSC_01639	sao02044;sao00001
SAOUHSC_01640	sao02044;sao00001
SAOUHSC_01641	sao02044;sao00001
SAOUHSC_01643	sao02044;sao00001
SAOUHSC_01644	sao00001;sao01000
SAOUHSC_01646	sao00001;sao01000
SAOUHSC_01650	sao00001;sao01000
SAOUHSC_01651	sao00001;sao03011
SAOUHSC_01652	sao00001;sao01011
SAOUHSC_01653	sao00001;sao01000
SAOUHSC_01655	sao00001;sao03000
SAOUHSC_01656	sao00001;sao02000
SAOUHSC_01657	sao00001;sao02000;sao01000
SAOUHSC_01658	sao00001;sao03400;sao01000
SAOUHSC_01659	sao00001;sao03019;sao01000;sao03009
SAOUHSC_01661	sao00001;sao03016;sao01000
SAOUHSC_01662	sao00001;sao03021
SAOUHSC_01663	sao00001;sao03032;sao01000
SAOUHSC_01664	sao00001;sao01000
SAOUHSC_01665	sao00001;sao03000
SAOUHSC_01666	sao00001;sao03016;sao03029;sao01007;sao01000
SAOUHSC_01667	sao00001;sao03400
SAOUHSC_01668	sao00001;sao03029;sao03009
SAOUHSC_01670	sao00001;sao01000
SAOUHSC_01671	sao00001;sao01000
SAOUHSC_01672	sao00001;sao03009
SAOUHSC_01673	sao00001
SAOUHSC_01678	sao00001;sao03011
SAOUHSC_01679	sao00001;sao03016;sao01000
SAOUHSC_01680	sao00001;sao01000;sao03009
SAOUHSC_01681	sao00001;sao03009
SAOUHSC_01682	sao00001;sao03110;sao03029
SAOUHSC_01683	sao00001;sao03019;sao03110;sao03029;sao04147
SAOUHSC_01684	sao00001;sao03110;sao03029
SAOUHSC_01685	sao00001;sao03000
SAOUHSC_01689	sao00001;sao03011
SAOUHSC_01690	sao00001;sao03032;sao03400;sao01000
SAOUHSC_01691	sao02044;sao00001
SAOUHSC_01692	sao02044;sao00001;sao01000
SAOUHSC_01693	sao02044;sao00001
SAOUHSC_01695	sao00001;sao03009
SAOUHSC_01697	sao00001;sao01000
SAOUHSC_01698	sao00001;sao03009
SAOUHSC_01699	sao00001;sao01000
SAOUHSC_01700	sao00001;sao03009
SAOUHSC_01701	sao00001
SAOUHSC_01702	sao00001;sao01000
SAOUHSC_01705	sao00001;sao02042
SAOUHSC_01708	sao00001;sao01000
SAOUHSC_01709	sao00001;sao01000
SAOUHSC_01710	sao00001
SAOUHSC_01711	sao00001
SAOUHSC_01712	sao00001
SAOUHSC_01714	sao00001;sao03021
SAOUHSC_01715	sao00001;sao01000
SAOUHSC_01716	sao00001;sao01002
SAOUHSC_01717	sao00001;sao01002
SAOUHSC_01720	sao00001;sao03009
SAOUHSC_01722	sao00001;sao03016;sao01007;sao01000
SAOUHSC_01723	sao00001;sao03400;sao01000
SAOUHSC_01727	sao02048;sao00001;sao03016;sao03029;sao01000
SAOUHSC_01734	sao00001
SAOUHSC_01735	sao00001;sao03016
SAOUHSC_01737	sao00001;sao03016;sao03029;sao01007;sao01000
SAOUHSC_01738	sao00001;sao03016;sao01007;sao01000
SAOUHSC_01739	sao00001;sao01011;sao03036;sao01000
SAOUHSC_01741	sao00001;sao03016;sao01000
SAOUHSC_01742	sao00001;sao01000;sao03009
SAOUHSC_01743	sao00001;sao04147;sao01000
SAOUHSC_01744	sao00001;sao03400
SAOUHSC_01746	sao02044;sao00001
SAOUHSC_01747	sao02044;sao00001
SAOUHSC_01748	sao00001;sao03016;sao01000
SAOUHSC_01749	sao00001;sao03016;sao01000
SAOUHSC_01750	sao00001;sao03400;sao01000
SAOUHSC_01751	sao00001;sao03400
SAOUHSC_01752	sao00001;sao01000
SAOUHSC_01753	sao00001;sao03009
SAOUHSC_01755	sao00001;sao03011
SAOUHSC_01756	sao00001
SAOUHSC_01757	sao00001;sao03011
SAOUHSC_01758	sao00001;sao03036
SAOUHSC_01759	sao00001;sao03036
SAOUHSC_01763	sao00001
SAOUHSC_01764	sao02044;sao00001;sao01000
SAOUHSC_01766	sao00001;sao01000
SAOUHSC_01767	sao00001;sao03016;sao01007;sao01000
SAOUHSC_01768	sao00001;sao03400;sao01000
SAOUHSC_01769	sao00001
SAOUHSC_01771	sao00001;sao01007;sao01000
SAOUHSC_01772	sao00001;sao04147;sao01000
SAOUHSC_01773	sao00001;sao01000
SAOUHSC_01774	sao00001;sao01000
SAOUHSC_01775	sao00001
SAOUHSC_01776	sao00001;sao01000
SAOUHSC_01777	sao00001;sao03036
SAOUHSC_01778	sao00001;sao03110
SAOUHSC_01779	sao00001
SAOUHSC_01784	sao00001;sao03011
SAOUHSC_01785	sao00001;sao03011
SAOUHSC_01786	sao03012;sao00001;sao03029
SAOUHSC_01787	sao00001;sao02000
SAOUHSC_01788	sao00001;sao03016;sao01007;sao01000
SAOUHSC_01791	sao00001;sao03032
SAOUHSC_01792	sao00001;sao03032
SAOUHSC_01793	sao00001;sao03000
SAOUHSC_01794	sao00001;sao01000
SAOUHSC_01795	sao00001;sao01000
SAOUHSC_01796	sao00001;sao03400;sao01000
SAOUHSC_01797	sao00001;sao03032;sao03400;sao01000
SAOUHSC_01799	sao00001;sao02022;sao01001;sao01000
SAOUHSC_01800	sao00001;sao02022
SAOUHSC_01801	sao00001;sao01000
SAOUHSC_01802	sao00001;sao01000
SAOUHSC_01803	sao00001;sao02000
SAOUHSC_01806	sao00001;sao04131;sao04147;sao01000
SAOUHSC_01807	sao01009;sao00001;sao03019;sao01000
SAOUHSC_01808	sao00001;sao01000
SAOUHSC_01809	sao00001;sao01000
SAOUHSC_01810	sao00001;sao01000
SAOUHSC_01811	sao00001;sao03032;sao03400;sao01000
SAOUHSC_01812	sao00001;sao03400;sao01000
SAOUHSC_01818	sao00001;sao01000
SAOUHSC_01820	sao00001;sao01000
SAOUHSC_01821	sao02048;sao00001;sao01000
SAOUHSC_01822	sao00001;sao01000
SAOUHSC_01823	sao00001
SAOUHSC_01824	sao00001;sao03016;sao01000
SAOUHSC_01825	sao02048;sao00001;sao03016;sao03029;sao01000
SAOUHSC_01827	sao00001;sao03036
SAOUHSC_01828	sao00001;sao01000
SAOUHSC_01829	sao00001;sao03011
SAOUHSC_01830	sao00001;sao01000
SAOUHSC_01833	sao00001;sao04147;sao01000
SAOUHSC_01836	sao00001;sao02000;sao01000
SAOUHSC_01837	sao01004;sao00001;sao01000
SAOUHSC_01838	sao00001;sao03110;sao01002;sao01000
SAOUHSC_01839	sao00001;sao03016;sao03029;sao01007;sao01000
SAOUHSC_01840	sao00001;sao01011;sao01003;sao01000
SAOUHSC_01843	sao00001;sao02000
SAOUHSC_01845	sao00001;sao01000
SAOUHSC_01846	sao01004;sao00001;sao01000
SAOUHSC_01847	sao00001
SAOUHSC_01849	sao00001
SAOUHSC_01850	sao00001;sao03000
SAOUHSC_01852	sao00001;sao01000
SAOUHSC_01856	sao00001;sao01011;sao01000
SAOUHSC_01857	sao00001;sao03036
SAOUHSC_01858	sao00001
SAOUHSC_01861	sao00001;sao01002;sao01000
SAOUHSC_01865	sao00001;sao03016;sao01000
SAOUHSC_01867	sao00001;sao01007;sao01000
SAOUHSC_01868	sao00001;sao01002;sao01000
SAOUHSC_01870	sao00001;sao01000;sao03009
SAOUHSC_01875	sao00001;sao03016;sao03029;sao01007;sao01000
SAOUHSC_01877	sao00001
SAOUHSC_01879	sao00001;sao03000
SAOUHSC_01882	sao00001;sao01000
SAOUHSC_01884	sao00001;sao01000
SAOUHSC_01886	sao00001;sao01000
SAOUHSC_01887	sao00001;sao01000
SAOUHSC_01888	sao00001;sao01000
SAOUHSC_01889	sao00001;sao01000
SAOUHSC_01891	sao00001;sao03000
SAOUHSC_01893	sao00001;sao02000
SAOUHSC_01894	sao00001;sao01000
SAOUHSC_01900	sao00001;sao01002
SAOUHSC_01901	sao00001;sao01000
SAOUHSC_01903	sao00001;sao02000
SAOUHSC_01904	sao00001;sao02000
SAOUHSC_01909	sao00001;sao01000
SAOUHSC_01910	sao00001;sao01000
SAOUHSC_01911	sao00001
SAOUHSC_01913	sao00001;sao03400;sao01000
SAOUHSC_01914	sao00001
SAOUHSC_01915	sao00001;sao01000
SAOUHSC_01916	sao00001;sao01000
SAOUHSC_01928	sao00001
SAOUHSC_01932	sao02048;sao00001;sao01000
SAOUHSC_01933	sao02048;sao00001;sao01000
SAOUHSC_01935	sao00001;sao01002;sao01000
SAOUHSC_01936	sao00001;sao01002;sao01000
SAOUHSC_01938	sao00001;sao01002;sao01000
SAOUHSC_01942	sao00001;sao01002;sao01000
SAOUHSC_01945	sao00001;sao02000
SAOUHSC_01947	sao00001;sao02000
SAOUHSC_01948	sao00001;sao02000
SAOUHSC_01949	sao00001;sao01002
SAOUHSC_01951	sao00001;sao01000
SAOUHSC_01952	sao00001;sao01000
SAOUHSC_01953	sao00001;sao02000
SAOUHSC_01954	sao00001;sao02000;sao02042
SAOUHSC_01955	sao00001;sao02000;sao02042
SAOUHSC_01958	sao00001
SAOUHSC_01960	sao00001;sao01000
SAOUHSC_01961	sao00001;sao01000
SAOUHSC_01962	sao00001;sao01000
SAOUHSC_01966	sao00001;sao02000
SAOUHSC_01967	sao00001;sao02000
SAOUHSC_01968	sao00001;sao03016;sao04147
SAOUHSC_01972	sao00001;sao03110;sao01000
SAOUHSC_01973	sao00001;sao03019
SAOUHSC_01980	sao00001;sao02022
SAOUHSC_01981	sao00001;sao02022;sao01001;sao01000
SAOUHSC_01982	sao00001;sao01000;sao03009
SAOUHSC_01983	sao00001;sao01000
SAOUHSC_01988	sao00001;sao03016;sao01000
SAOUHSC_01989	sao00001;sao03016;sao01000
SAOUHSC_01990	sao00001;sao02000;sao01000
SAOUHSC_01991	sao00001;sao02000
SAOUHSC_01992	sao00001
SAOUHSC_01997	sao00001;sao03000
SAOUHSC_01999	sao00001;sao01000
SAOUHSC_02000	sao00001;sao01007;sao01000
SAOUHSC_02003	sao00001;sao02000
SAOUHSC_02004	sao00001
SAOUHSC_02005	sao00001;sao03400;sao01000
SAOUHSC_02006	sao00001
SAOUHSC_02008	sao00001;sao02000
SAOUHSC_02009	sao00001;sao02000;sao01000
SAOUHSC_02011	sao00001;sao03400
SAOUHSC_02012	sao00001;sao01011;sao01003;sao01000
SAOUHSC_02013	sao00001;sao01002;sao01000
SAOUHSC_02019	sao00001;sao01000
SAOUHSC_02023	sao00001;sao01000
SAOUHSC_02049	sao00001
SAOUHSC_02050	sao00001
SAOUHSC_02057	sao00001;sao03400;sao01000
SAOUHSC_02092	sao00001;sao01002
SAOUHSC_02095	sao00001;sao01000
SAOUHSC_02097	sao00001
SAOUHSC_02098	sao00001;sao02022
SAOUHSC_02099	sao00001;sao02022;sao01001;sao01000
SAOUHSC_02102	sao00001;sao01002;sao01000
SAOUHSC_02106	sao00001;sao01000
SAOUHSC_02107	sao00001;sao01000
SAOUHSC_02108	sao00001;sao01000
SAOUHSC_02110	sao00001;sao03032;sao03400;sao01000
SAOUHSC_02111	sao00001;sao03400;sao01000
SAOUHSC_02113	sao00001;sao01000;sao03009
SAOUHSC_02114	sao00001;sao01000
SAOUHSC_02116	sao00001;sao03029;sao01000
SAOUHSC_02117	sao00001;sao03029;sao01000
SAOUHSC_02118	sao00001;sao03029;sao01000
SAOUHSC_02119	sao00001;sao02000
SAOUHSC_02122	sao00001;sao03032;sao03400;sao01000
SAOUHSC_02123	sao00001;sao03400;sao01000
SAOUHSC_02124	sao00001
SAOUHSC_02126	sao00001;sao01000
SAOUHSC_02127	sao00001;sao01002;sao01000
SAOUHSC_02132	sao00001;sao01000
SAOUHSC_02133	sao00001;sao01000
SAOUHSC_02134	sao00001;sao01000
SAOUHSC_02135	sao00001;sao01000
SAOUHSC_02137	sao00001;sao02000
SAOUHSC_02140	sao00001;sao01000
SAOUHSC_02142	sao00001;sao01000
SAOUHSC_02143	sao00001;sao01000
SAOUHSC_02151	sao00001;sao02000
SAOUHSC_02152	sao00001;sao02000
SAOUHSC_02154	sao00001;sao02000
SAOUHSC_02161	sao00001
SAOUHSC_02167	sao00001
SAOUHSC_02169	sao00001
SAOUHSC_02171	sao00001
SAOUHSC_02193	sao00001;sao01002
SAOUHSC_02198	sao02048;sao00001
SAOUHSC_02216	sao00001;sao03032
SAOUHSC_02241	sao00001;sao02000;sao02042
SAOUHSC_02243	sao00001;sao02000;sao02042
SAOUHSC_02244	sao00001;sao01002;sao01000
SAOUHSC_02246	sao00001;sao02000
SAOUHSC_02247	sao00001;sao02000
SAOUHSC_02250	sao00001
SAOUHSC_02254	sao00001;sao03019;sao03110;sao03029;sao04147;sao01000
SAOUHSC_02255	sao00001;sao03110;sao03029
SAOUHSC_02256	sao00001;sao01002
SAOUHSC_02258	sao00001
SAOUHSC_02259	sao00001;sao01000
SAOUHSC_02260	sao00001;sao02042
SAOUHSC_02261	sao00001;sao01002
SAOUHSC_02262	sao00001
SAOUHSC_02264	sao00001;sao02022;sao01001;sao01000
SAOUHSC_02265	sao00001;sao02022
SAOUHSC_02267	sao00001;sao01000
SAOUHSC_02268	sao00001;sao01000
SAOUHSC_02269	sao00001;sao03000
SAOUHSC_02270	sao00001;sao02000
SAOUHSC_02272	sao00001
SAOUHSC_02273	sao00001;sao03000
SAOUHSC_02274	sao03012;sao00001
SAOUHSC_02277	sao00001;sao03016;sao01000
SAOUHSC_02278	sao00001;sao01000;sao03009
SAOUHSC_02279	sao00001;sao03016
SAOUHSC_02280	sao00001;sao03016
SAOUHSC_02281	sao00001;sao01000
SAOUHSC_02282	sao00001;sao01000
SAOUHSC_02283	sao00001;sao01000
SAOUHSC_02284	sao00001;sao01000
SAOUHSC_02285	sao00001;sao01000
SAOUHSC_02286	sao00001;sao01000
SAOUHSC_02287	sao00001;sao01000
SAOUHSC_02288	sao00001;sao01000
SAOUHSC_02289	sao00001;sao01000
SAOUHSC_02296	sao00001
SAOUHSC_02297	sao00001
SAOUHSC_02298	sao00001;sao03021
SAOUHSC_02299	sao00001;sao03021;sao01001;sao01000
SAOUHSC_02300	sao00001;sao03021
SAOUHSC_02303	sao02048;sao00001
SAOUHSC_02304	sao02048;sao00001;sao03000
SAOUHSC_02305	sao00001;sao01011;sao01000
SAOUHSC_02306	sao00001;sao01000
SAOUHSC_02307	sao00001
SAOUHSC_02308	sao00001
SAOUHSC_02310	sao00001
SAOUHSC_02311	sao00001;sao01000
SAOUHSC_02312	sao00001
SAOUHSC_02313	sao00001
SAOUHSC_02314	sao00001;sao02022;sao01001;sao01000
SAOUHSC_02315	sao00001;sao02022
SAOUHSC_02316	sao00001;sao03019;sao01000;sao03009
SAOUHSC_02317	sao00001;sao01000
SAOUHSC_02318	sao00001;sao01011;sao01000
SAOUHSC_02319	sao00001;sao01011;sao01003;sao03036;sao01000
SAOUHSC_02322	sao00001;sao03000
SAOUHSC_02323	sao00001
SAOUHSC_02324	sao00001
SAOUHSC_02327	sao02044;sao00001;sao03029
SAOUHSC_02328	sao00001;sao01000
SAOUHSC_02329	sao00001;sao01000
SAOUHSC_02330	sao00001;sao01000
SAOUHSC_02331	sao00001;sao03000;sao01000
SAOUHSC_02334	sao00001;sao03032;sao03029;sao03400
SAOUHSC_02336	sao01004;sao00001;sao01000
SAOUHSC_02337	sao00001;sao01011;sao01000
SAOUHSC_02340	sao00194;sao00001
SAOUHSC_02341	sao00194;sao00001;sao01000
SAOUHSC_02343	sao00194;sao00001
SAOUHSC_02345	sao00194;sao00001;sao01000
SAOUHSC_02346	sao00194;sao00001
SAOUHSC_02347	sao00194;sao00001
SAOUHSC_02349	sao00194;sao00001
SAOUHSC_02350	sao00194;sao00001;sao03110
SAOUHSC_02351	sao00194;sao00001
SAOUHSC_02352	sao00001;sao01000
SAOUHSC_02353	sao00001;sao01000
SAOUHSC_02354	sao00001;sao01000
SAOUHSC_02356	sao00001;sao01000
SAOUHSC_02357	sao00001;sao03016;sao01000;sao03009
SAOUHSC_02358	sao03012;sao00001;sao01000
SAOUHSC_02359	sao03012;sao00001
SAOUHSC_02360	sao00001;sao01000
SAOUHSC_02361	sao00001;sao03011
SAOUHSC_02362	sao00001;sao03019;sao03021
SAOUHSC_02363	sao00001;sao01000
SAOUHSC_02365	sao00001;sao01011;sao01000
SAOUHSC_02366	sao00001;sao01000
SAOUHSC_02368	sao00001;sao01000
SAOUHSC_02369	sao00001;sao03400;sao03021
SAOUHSC_02371	sao00001;sao01000
SAOUHSC_02373	sao00001
SAOUHSC_02375	sao00001;sao01000
SAOUHSC_02377	sao00001;sao01000
SAOUHSC_02379	sao00001;sao01000
SAOUHSC_02380	sao00001;sao01000
SAOUHSC_02381	sao00001;sao03036
SAOUHSC_02385	sao00001;sao01000
SAOUHSC_02388	sao00001;sao03000
SAOUHSC_02389	sao00001;sao02000
SAOUHSC_02397	sao00001;sao02000
SAOUHSC_02399	sao00001;sao01002;sao01000
SAOUHSC_02400	sao00001;sao02000;sao01000
SAOUHSC_02401	sao00001;sao03000
SAOUHSC_02402	sao00001;sao02000;sao01000
SAOUHSC_02403	sao00001;sao01000
SAOUHSC_02404	sao00001;sao04131
SAOUHSC_02405	sao00001;sao01000
SAOUHSC_02407	sao00001;sao01000
SAOUHSC_02409	sao00001;sao01000
SAOUHSC_02418	sao00001;sao02000
SAOUHSC_02420	sao00001;sao02000
SAOUHSC_02422	sao00001;sao02042
SAOUHSC_02423	sao00001
SAOUHSC_02424	sao00001
SAOUHSC_02427	sao00001;sao02000
SAOUHSC_02428	sao00001;sao02000
SAOUHSC_02430	sao00001;sao02000
SAOUHSC_02433	sao00001;sao01000
SAOUHSC_02434	sao00001;sao01000
SAOUHSC_02435	sao00001;sao02000
SAOUHSC_02436	sao00001;sao01000
SAOUHSC_02444	sao00001;sao02000
SAOUHSC_02447	sao00001;sao01000
SAOUHSC_02449	sao00001;sao01000
SAOUHSC_02450	sao00001;sao02000;sao01000
SAOUHSC_02451	sao00001;sao02000;sao01000
SAOUHSC_02452	sao00001;sao01000
SAOUHSC_02453	sao00001;sao01000
SAOUHSC_02454	sao00001;sao01000
SAOUHSC_02455	sao00001;sao01000
SAOUHSC_02456	sao00001;sao03000
SAOUHSC_02457	sao00001;sao01000
SAOUHSC_02460	sao00001;sao01000
SAOUHSC_02461	sao00001;sao03000
SAOUHSC_02463	sao00001;sao01000
SAOUHSC_02467	sao00001;sao01000
SAOUHSC_02468	sao00001;sao01000
SAOUHSC_02477	sao00001;sao03011
SAOUHSC_02478	sao00001;sao03011
SAOUHSC_02480	sao00001;sao03016;sao01000
SAOUHSC_02481	sao00001;sao02000
SAOUHSC_02482	sao00001;sao02000
SAOUHSC_02483	sao00001;sao02000
SAOUHSC_02484	sao00001;sao03011
SAOUHSC_02485	sao00001;sao03400;sao03021;sao01000
SAOUHSC_02486	sao00001;sao03011
SAOUHSC_02487	sao00001;sao03011
SAOUHSC_02488	sao00001;sao03011
SAOUHSC_02489	sao03012;sao00001
SAOUHSC_02490	sao00001;sao04147;sao01000
SAOUHSC_02491	sao02044;sao00001
SAOUHSC_02492	sao00001;sao03011
SAOUHSC_02493	sao00001;sao03011
SAOUHSC_02494	sao00001;sao03011
SAOUHSC_02495	sao00001;sao03011
SAOUHSC_02496	sao00001;sao03011
SAOUHSC_02498	sao00001;sao03011
SAOUHSC_02499	sao00001;sao03011
SAOUHSC_02500	sao00001;sao03011
SAOUHSC_02501	sao00001;sao03011
SAOUHSC_02502	sao00001;sao03011
SAOUHSC_02503	sao00001;sao03011
SAOUHSC_02504	sao00001;sao03011
SAOUHSC_02505	sao00001;sao03011
SAOUHSC_02506	sao00001;sao03011
SAOUHSC_02507	sao00001;sao03011
SAOUHSC_02508	sao00001;sao03011
SAOUHSC_02509	sao00001;sao03011
SAOUHSC_02510	sao00001;sao03011
SAOUHSC_02511	sao00001;sao03011
SAOUHSC_02512	sao00001;sao03011
SAOUHSC_02512a	sao00001;sao03011
SAOUHSC_02516	sao00001;sao02000
SAOUHSC_02517	sao00001;sao03032;sao01000
SAOUHSC_02520	sao00001;sao02000
SAOUHSC_02522	sao00001;sao02000
SAOUHSC_02525	sao00001
SAOUHSC_02527	sao00001;sao01011;sao01000
SAOUHSC_02536	sao00001;sao01000
SAOUHSC_02537	sao00001;sao01000
SAOUHSC_02538	sao00001
SAOUHSC_02540	sao00001;sao01000
SAOUHSC_02541	sao00001
SAOUHSC_02542	sao00001;sao01000
SAOUHSC_02543	sao00001;sao01000
SAOUHSC_02544	sao00001;sao01000
SAOUHSC_02545	sao00001;sao01000
SAOUHSC_02546	sao00001;sao02000;sao01000
SAOUHSC_02547	sao00001;sao02000
SAOUHSC_02549	sao00001;sao02000
SAOUHSC_02550	sao00001
SAOUHSC_02552	sao00001;sao02000
SAOUHSC_02554	sao00001;sao02000
SAOUHSC_02557	sao00001;sao02000
SAOUHSC_02558	sao00001;sao01000
SAOUHSC_02559	sao00001;sao01000
SAOUHSC_02561	sao00001;sao01000
SAOUHSC_02562	sao00001
SAOUHSC_02563	sao00001
SAOUHSC_02564	sao00001
SAOUHSC_02565	sao00001
SAOUHSC_02573	sao00001;sao02000
SAOUHSC_02574	sao00001;sao01000
SAOUHSC_02575	sao00001
SAOUHSC_02582	sao00001;sao01000
SAOUHSC_02583	sao00001
SAOUHSC_02584	sao00001;sao01000
SAOUHSC_02587	sao00001;sao01002
SAOUHSC_02590	sao00001
SAOUHSC_02595	sao00001
SAOUHSC_02597	sao00001;sao02000;sao01000
SAOUHSC_02599	sao00001;sao03000
SAOUHSC_02606	sao00001;sao01000
SAOUHSC_02607	sao00001;sao01000
SAOUHSC_02609	sao00001
SAOUHSC_02610	sao00001;sao01000
SAOUHSC_02612	sao00001;sao01000
SAOUHSC_02614	sao00001;sao01000
SAOUHSC_02615	sao00001;sao02000
SAOUHSC_02618	sao00001;sao02000
SAOUHSC_02619	sao00001;sao02000
SAOUHSC_02621	sao00001;sao03400;sao01000
SAOUHSC_02622	sao00001;sao02000
SAOUHSC_02623	sao00001;sao01000
SAOUHSC_02624	sao00001;sao02000
SAOUHSC_02625	sao00001
SAOUHSC_02629	sao00001;sao02000
SAOUHSC_02630	sao00001;sao02000
SAOUHSC_02635	sao00001
SAOUHSC_02640	sao00001;sao02000
SAOUHSC_02641	sao00001;sao02000
SAOUHSC_02643	sao00001;sao02022
SAOUHSC_02644	sao00001;sao02022;sao01001;sao01000
SAOUHSC_02647	sao00001;sao01000
SAOUHSC_02648	sao00001;sao02000
SAOUHSC_02651	sao00001;sao01000
SAOUHSC_02652	sao00001
SAOUHSC_02654	sao00001;sao01000
SAOUHSC_02660	sao00001;sao02000
SAOUHSC_02661	sao00001;sao02000;sao01000
SAOUHSC_02667	sao00001;sao02000
SAOUHSC_02669	sao00001;sao03000
SAOUHSC_02671	sao00001;sao02000
SAOUHSC_02675	sao00001;sao02022
SAOUHSC_02676	sao00001;sao02022;sao01001;sao01000
SAOUHSC_02677	sao00001
SAOUHSC_02678	sao00001;sao02000;sao01000
SAOUHSC_02679	sao00001
SAOUHSC_02680	sao00001;sao02000;sao01000
SAOUHSC_02681	sao00001;sao02000;sao01000
SAOUHSC_02682	sao00001;sao01000
SAOUHSC_02683	sao00001;sao01000
SAOUHSC_02684	sao00001;sao01000
SAOUHSC_02686	sao00001
SAOUHSC_02690	sao00001;sao02000
SAOUHSC_02691	sao02048;sao00001
SAOUHSC_02692	sao02048;sao00001
SAOUHSC_02697	sao00001;sao02000;sao01000
SAOUHSC_02698	sao00001;sao02000
SAOUHSC_02699	sao02035;sao00001;sao02000
SAOUHSC_02700	sao00001;sao02000
SAOUHSC_02703	sao00001;sao04131;sao04147;sao01000
SAOUHSC_02706	sao00001
SAOUHSC_02708	sao00001;sao02000;sao02042
SAOUHSC_02709	sao00001;sao02000;sao02042
SAOUHSC_02710	sao00001;sao02000;sao02042
SAOUHSC_02712	sao00001;sao01000
SAOUHSC_02713	sao00001;sao01007;sao01000
SAOUHSC_02714	sao00001;sao01000
SAOUHSC_02715	sao00001;sao01007;sao01000
SAOUHSC_02716	sao00001;sao01000
SAOUHSC_02718	sao00001;sao02000
SAOUHSC_02719	sao00001;sao02000
SAOUHSC_02723	sao00001;sao01000
SAOUHSC_02729	sao00001;sao02000
SAOUHSC_02731	sao00001;sao02000
SAOUHSC_02739	sao00001;sao01000
SAOUHSC_02740	sao00001;sao02000;sao01504
SAOUHSC_02741	sao00001;sao02000
SAOUHSC_02742	sao00001;sao02000
SAOUHSC_02743	sao00001;sao02000
SAOUHSC_02744	sao00001;sao02000;sao01000
SAOUHSC_02751	sao00001
SAOUHSC_02752	sao00001;sao02000
SAOUHSC_02753	sao00001;sao02000
SAOUHSC_02754	sao00001;sao02000
SAOUHSC_02756	sao02048;sao00001
SAOUHSC_02757	sao02048;sao00001
SAOUHSC_02761	sao00001
SAOUHSC_02763	sao00001;sao02000;sao01000
SAOUHSC_02764	sao00001;sao02000;sao01000
SAOUHSC_02765	sao00001;sao02000
SAOUHSC_02766	sao00001;sao02000
SAOUHSC_02767	sao00001;sao02000
SAOUHSC_02768	sao00001;sao01000
SAOUHSC_02769	sao00001;sao01000
SAOUHSC_02770	sao00001;sao01000
SAOUHSC_02773	sao00001
SAOUHSC_02791	sao00001;sao03400;sao01000
SAOUHSC_02793	sao00001;sao01000
SAOUHSC_02798	sao00001
SAOUHSC_02801	sao00001;sao01000
SAOUHSC_02802	sao00001
SAOUHSC_02803	sao00001
SAOUHSC_02806	sao00001;sao02000
SAOUHSC_02808	sao00001;sao01000
SAOUHSC_02809	sao00001;sao03000
SAOUHSC_02811	sao00001;sao01000
SAOUHSC_02815	sao00001;sao02000
SAOUHSC_02818	sao00001;sao02000
SAOUHSC_02820	sao00001;sao02000
SAOUHSC_02821	sao00001;sao02000
SAOUHSC_02822	sao00001;sao01000
SAOUHSC_02824	sao00001
SAOUHSC_02825	sao00001
SAOUHSC_02826	sao00001;sao03000
SAOUHSC_02827	sao00001
SAOUHSC_02828	sao00001;sao01000
SAOUHSC_02830	sao00001;sao01000
SAOUHSC_02832	sao00001;sao02000
SAOUHSC_02833	sao00001;sao02000
SAOUHSC_02834	sao00001;sao01002;sao01011;sao01000
SAOUHSC_02836	sao00001
SAOUHSC_02839	sao00001;sao01000
SAOUHSC_02840	sao00001;sao01000
SAOUHSC_02846	sao00001
SAOUHSC_02848	sao00001;sao02000;sao01000
SAOUHSC_02849	sao00001;sao01000
SAOUHSC_02851	sao00001;sao02000
SAOUHSC_02859	sao00001;sao01000
SAOUHSC_02860	sao00001;sao01000
SAOUHSC_02861	sao00001;sao03400;sao01000
SAOUHSC_02862	sao00001;sao03110
SAOUHSC_02864	sao00001;sao02000
SAOUHSC_02865	sao00001;sao02000
SAOUHSC_02866	sao00001
SAOUHSC_02869	sao00001;sao01000
SAOUHSC_02873	sao01000
SAOUHSC_02875	sao00001;sao01000
SAOUHSC_02877	sao00001;sao01000
SAOUHSC_02879	sao00001;sao01006;sao01000
SAOUHSC_02880	sao00001
SAOUHSC_02881	sao00001;sao01000
SAOUHSC_02882	sao00001
SAOUHSC_02888	sao00001
SAOUHSC_02894	sao00001
SAOUHSC_02899	sao00001
SAOUHSC_02909	sao00001;sao01000
SAOUHSC_02911	sao00001;sao03016;sao01000
SAOUHSC_02912	sao00001
SAOUHSC_02915	sao00001
SAOUHSC_02916	sao00001;sao01000
SAOUHSC_02918	sao00001;sao01000
SAOUHSC_02919	sao00001;sao01000
SAOUHSC_02920	sao00001;sao01000
SAOUHSC_02921	sao00001;sao01000
SAOUHSC_02922	sao00001;sao04147;sao01000
SAOUHSC_02923	sao00001
SAOUHSC_02924	sao00001;sao01007;sao01000
SAOUHSC_02926	sao00001;sao04131;sao04147;sao03036;sao01000
SAOUHSC_02927	sao00001;sao01000
SAOUHSC_02929	sao01004;sao00001;sao01000
SAOUHSC_02932	sao00001;sao01000
SAOUHSC_02933	sao00001;sao01000
SAOUHSC_02935	sao00001;sao03000
SAOUHSC_02937	sao00001
SAOUHSC_02941	sao00001;sao01000
SAOUHSC_02942	sao00001;sao01000
SAOUHSC_02943	sao00001
SAOUHSC_02945	sao00001;sao01000
SAOUHSC_02947	sao00001;sao01000
SAOUHSC_02949	sao00001;sao01000
SAOUHSC_02953	sao00001;sao02000
SAOUHSC_02954	sao00001;sao02000
SAOUHSC_02955	sao00001;sao02022;sao01001;sao01000
SAOUHSC_02956	sao00001;sao02022
SAOUHSC_02958	sao00537;sao00001;sao04147;sao01000
SAOUHSC_02962	sao00001
SAOUHSC_02963	sao00001
SAOUHSC_02964	sao00001;sao03000
SAOUHSC_02965	sao00001;sao01000
SAOUHSC_02967	sao00001;sao02000
SAOUHSC_02968	sao00001;sao01000
SAOUHSC_02969	sao00001;sao01000
SAOUHSC_02971	sao00001;sao01002;sao01000
SAOUHSC_02974	sao00001;sao03000
SAOUHSC_02975	sao00001;sao02000;sao01000
SAOUHSC_02976	sao00001;sao01000
SAOUHSC_02978	sao00001
SAOUHSC_02985	sao02044;sao00001;sao01000
SAOUHSC_02986	sao02044;sao00001
SAOUHSC_02987	sao02044;sao00001
SAOUHSC_02988	sao02044;sao00001
SAOUHSC_02989	sao02044;sao00001
SAOUHSC_02996	sao00001;sao01000
SAOUHSC_02998	sao00001;sao01000
SAOUHSC_02999	sao00001;sao02000;sao01001;sao01000
SAOUHSC_03000	sao00001;sao02000
SAOUHSC_03001	sao00001;sao03000
SAOUHSC_03002	sao00001;sao01003
SAOUHSC_03003	sao00001
SAOUHSC_03004	sao00001
SAOUHSC_03005	sao00001
SAOUHSC_03006	sao00001;sao01000
SAOUHSC_03008	sao00001;sao01000
SAOUHSC_03009	sao00001;sao01000
SAOUHSC_03010	sao00001;sao01000
SAOUHSC_03011	sao00001;sao01000
SAOUHSC_03012	sao00001;sao01007;sao01000
SAOUHSC_03013	sao00001;sao01000
SAOUHSC_03014	sao00001;sao01000
SAOUHSC_03018	sao00001;sao02000
SAOUHSC_03019	sao00001;sao02000
SAOUHSC_03020	sao00001;sao02000
SAOUHSC_03023	sao00001
SAOUHSC_03024	sao00001
SAOUHSC_03025	sao00001;sao01002;sao01000
SAOUHSC_03027	sao00001;sao03000
SAOUHSC_03030	sao00001
SAOUHSC_03031	sao00001;sao02000
SAOUHSC_03033	sao00001;sao02000
SAOUHSC_03036	sao00001;sao02000
SAOUHSC_03037	sao00001;sao02000
SAOUHSC_03040	sao00001
SAOUHSC_03045	sao00001
SAOUHSC_03049	sao00001;sao03000;sao04812;sao03036
SAOUHSC_03051	sao00001;sao03036;sao01000;sao03009
SAOUHSC_03052	sao00001;sao03016;sao03036
SAOUHSC_03053	sao00001;sao03016
SAOUHSC_03054	sao00001;sao03016;sao01000
SAOUHSC_03055	sao00001;sao03011
SAOUHSC_1342a	sao00001;sao02000
SAOUHSC_R0001	sao00001;sao03011;sao03100
SAOUHSC_R00010	sao00001;sao03011;sao03100
SAOUHSC_R00011	sao00001;sao03011;sao03100
SAOUHSC_R00012	sao00001;sao03011;sao03100
SAOUHSC_R00013	sao00001;sao03011;sao03100
SAOUHSC_R00014	sao00001;sao03011;sao03100
SAOUHSC_R00015	sao00001;sao03011;sao03100
SAOUHSC_R00016	sao00001;sao03011;sao03100
SAOUHSC_R0002	sao00001;sao03011;sao03100
SAOUHSC_R0003	sao00001;sao03011;sao03100
SAOUHSC_R0004	sao00001;sao03011;sao03100
SAOUHSC_R0005	sao00001;sao03011;sao03100
SAOUHSC_R0006	sao00001;sao03011;sao03100
SAOUHSC_R0007	sao00001;sao03011;sao03100
SAOUHSC_R0008	sao00001;sao03011;sao03100
SAOUHSC_R0009	sao00001;sao03011;sao03100
SAOUHSC_T0001	sao00001;sao03100
SAOUHSC_T00010	sao00001;sao03100
SAOUHSC_T00011	sao00001;sao03100
SAOUHSC_T00012	sao00001;sao03100
SAOUHSC_T00013	sao00001;sao03100
SAOUHSC_T00014	sao00001;sao03100
SAOUHSC_T00015	sao00001;sao03100
SAOUHSC_T00016	sao00001;sao03100
SAOUHSC_T00017	sao00001;sao03100
SAOUHSC_T00018	sao00001;sao03100
SAOUHSC_T00019	sao00001;sao03100
SAOUHSC_T0002	sao00001;sao03100
SAOUHSC_T00020	sao00001;sao03100
SAOUHSC_T00021	sao00001;sao03100
SAOUHSC_T00022	sao00001;sao03100
SAOUHSC_T00023	sao00001;sao03100
SAOUHSC_T00024	sao00001;sao03100
SAOUHSC_T00025	sao00001;sao03100
SAOUHSC_T00026	sao00001;sao03100
SAOUHSC_T00027	sao00001;sao03100
SAOUHSC_T00028	sao00001;sao03100
SAOUHSC_T00029	sao00001;sao03100
SAOUHSC_T0003	sao00001;sao03100
SAOUHSC_T00030	sao00001;sao03100
SAOUHSC_T00031	sao00001;sao03100
SAOUHSC_T00032	sao00001;sao03100
SAOUHSC_T00033	sao00001;sao03100
SAOUHSC_T00034	sao00001;sao03100
SAOUHSC_T00035	sao00001;sao03100
SAOUHSC_T00036	sao00001;sao03100
SAOUHSC_T00037	sao00001;sao03100
SAOUHSC_T00038	sao00001;sao03100
SAOUHSC_T00039	sao00001;sao03100
SAOUHSC_T0004	sao00001;sao03100
SAOUHSC_T00040	sao00001;sao03100
SAOUHSC_T00041	sao00001;sao03100
SAOUHSC_T00042	sao00001;sao03100
SAOUHSC_T00043	sao00001;sao03100
SAOUHSC_T00044	sao00001;sao03100
SAOUHSC_T00045	sao00001;sao03100
SAOUHSC_T00046	sao00001;sao03100
SAOUHSC_T00047	sao00001;sao03100
SAOUHSC_T00048	sao00001;sao03100
SAOUHSC_T00049	sao00001;sao03100
SAOUHSC_T0005	sao00001;sao03100
SAOUHSC_T00050	sao00001;sao03100
SAOUHSC_T00051	sao00001;sao03100
SAOUHSC_T00052	sao00001;sao03100
SAOUHSC_T00053	sao00001;sao03100
SAOUHSC_T00054	sao00001;sao03100
SAOUHSC_T00055	sao00001;sao03100
SAOUHSC_T00056	sao00001;sao03100
SAOUHSC_T00057	sao00001;sao03100
SAOUHSC_T00058	sao00001;sao03100
SAOUHSC_T00059	sao00001;sao03100
SAOUHSC_T0006	sao00001;sao03100
SAOUHSC_T00060	sao00001;sao03100
SAOUHSC_T00061	sao00001;sao03100
SAOUHSC_T0007	sao00001;sao03100
SAOUHSC_T0008	sao00001;sao03100
SAOUHSC_T0009	sao00001;sao03100
